{
    "lens_position": 14.999999999999979,
    "rois": [
        {
            "cx": 565.0,
            "cy": 295.0,
            "w": 140,
            "h": 90
        },
        {
            "cx": 565.0,
            "cy": 410.0,
            "w": 140,
            "h": 90
        },
        {
            "cx": 560.0,
            "cy": 545.0,
            "w": 140,
            "h": 80
        }
    ],
    "mm_per_pixel": [
        0.08916645146020671,
        0.08898601373785091,
        0.08924639730307693
    ],
    "calibration_locked": true
}