{
    "lens_position": 14.999999999999979,
    "rois": [
        {
            "cx": 565.0,
            "cy": 220.0,
            "w": 140,
            "h": 90
        },
        {
            "cx": 565.0,
            "cy": 370.0,
            "w": 140,
            "h": 90
        },
        {
            "cx": 565.0,
            "cy": 510.0,
            "w": 140,
            "h": 80
        }
    ],
    "mm_per_pixel": [
        0.09075346665248858,
        0.0877501831702817,
        0.10113677713938157
    ],
    "calibration_locked": true
}