{
    "lens_position": 14.999999999999979,
    "rois": [
        {
            "cx": 565.0,
            "cy": 240.0,
            "w": 140,
            "h": 90
        },
        {
            "cx": 565.0,
            "cy": 395.0,
            "w": 140,
            "h": 90
        },
        {
            "cx": 560.0,
            "cy": 545.0,
            "w": 140,
            "h": 70
        }
    ],
    "mm_per_pixel": [
        0.0500176629395429,
        0.056981765834932814,
        0.07490117654661846
    ],
    "calibration_locked": true
}